sentence_id,text,category
1,The account status was updated earlier today,neutral
2,Your recent activity has been successfully recorded,neutral
3,This message contains information about your account,neutral
4,The system processed the request without errors,neutral
5,Your preferences were saved for future use,neutral
6,The document reflects the most recent changes,neutral
7,Please review the details before continuing,cta
8,You may want to confirm the information provided,cta
9,Consider updating your settings if needed,cta
10,Additional steps may be required to proceed,cta
11,You can review available options on the next screen,cta
12,Further action may improve your experience,cta
13,This notice applies to all registered users,authority
14,Access is granted based on current eligibility criteria,authority
15,The following requirements must be acknowledged,authority
16,Compliance with these guidelines is expected,authority
17,This policy governs acceptable use of the service,authority
18,The information below outlines required procedures,authority
19,Failure to complete this step may affect access,warning
20,Incomplete information could result in delays,warning
21,Certain actions may lead to unintended consequences,warning
22,Errors in submission can cause processing issues,warning
23,This action may impact your current settings,warning
24,Some features may not function as expected,warning
25,Discover features designed to improve your workflow,promo
26,This update introduces new capabilities for users,promo
27,Explore tools built to support your goals,promo
28,Enhanced options are now available for you,promo
29,Unlock additional benefits with updated settings,promo
30,New functionality is available in this release,promo
31,Enter the required information in the fields below,procedural
32,Follow the steps outlined to complete the process,procedural
33,Select an option to continue,procedural
34,Review the information before submitting the form,procedural
35,Use the menu to navigate available sections,procedural
36,Complete each section before proceeding,procedural
